mor0,mor1,mor2,mor3,zer0,zer1,zer2,zer3,zer4,zer5,zer6,zer7,zer8,pix0,pix1,pix2,pix3,pix4,pix5,pix6,pix7,pix8,label
0.0,0.3333333333333333,0.0,0.7374011221880953,0.06454613457395514,2.1340532829196497,4.223209732195503,2.070526393634375,1.2393299178230888,1.1011735417530262,-1.4253686656947402,1.2096112582763885,0.327831772949078,4.818387422619505,-2.413735506929956,-2.0960015389470925,-0.1323730923528028,1.5341031405481929,-0.1151701317063682,-0.4865917800916551,0.4152656057624268,-0.2839732174975109,2
0.0,0.3333333333333333,0.0,0.2940167127095522,1.6379026349050063,2.034248941230067,0.6003342803155141,-3.192881317118787,-0.9010416761745071,-3.349554291633934,-0.3751476195416084,-1.246410442632338,-1.2916025159867033,5.0368934503226575,2.4025692148742106,-0.08162750573851592,-3.0097820214708215,-2.4908545783988245,1.4480706107602797,2.1017721258382167,-0.2447914569150256,0.5789516251720279,7
0.0,0.6666666666666666,0.4,0.5255409324113319,1.3419938097191386,3.2175384820522654,0.8528887968573172,1.1789840574026842,-0.8983092008221802,-0.3596114726739361,3.2000337384121256,0.12334878608349048,-0.5628218691822479,1.4890440155382998,1.2941243334713994,5.128835950425142,-2.399854452924477,0.4069901074035601,1.540360179745436,-0.6433392865175263,-1.829630133234807,-0.3318106340175835,3
0.0,0.5,0.2,0.7264795209252047,0.5006896880811079,-2.5890220081268502,-1.318252291461628,0.8260315708793968,-1.024730792399675,-1.5913093684375097,0.06479566580131077,-0.812811614893829,0.3317631579064232,-0.9060682597818625,1.2689867473061605,4.220820323787816,0.21564764200135988,3.2760261202490555,-1.345401321185157,-0.944265958108814,3.091127645029001,0.07386284021944411,5
0.5,0.0,0.0,0.14018771770277472,-2.329479952826156,-1.7764671228363875,0.6765363632388371,0.5788317649587278,0.35855714115135506,0.4251413448448898,0.12106577989524292,-0.5945363487505343,0.3986664668125725,-5.414774734342926,1.118951619486043,0.1631849502010314,0.06662421321063028,-2.1362245101764405,1.854721184134948,-1.6445961007805618,-1.0583905119270676,1.5382502420996431,0
0.0,0.3333333333333333,0.0,0.4418057962559413,-1.1681727393407888,4.372443956337157,3.1587398088727987,1.0746753431098333,2.195565772793829,-0.3130036525939809,-0.2110922251607616,0.19082069350321731,-1.897133541832024,5.784373539579465,-2.9819363836434483,-3.856274751130497,-2.7315564378878165,3.551214170887428,0.4632897022488311,1.33714967948706,-0.8061264379757805,0.05915362600519392,2
0.0,0.3333333333333333,0.0,0.3194117949861871,3.1965587338968424,4.596335117367246,-1.614388838243924,-1.6155091268577009,-2.9510717681405003,-0.23930062685428224,0.06839790161219238,-1.7626600224344438,-0.4826552772947033,5.964203455413692,4.522098522746148,-1.5126318465197877,-2.9139440214803325,-3.3257993690920187,0.08518319099737033,0.6841657921653428,2.88354891189444,0.1786021950121497,7
0.0,0.5,0.2,0.6223167864925617,-1.2404122941362692,3.193717598122773,2.3398580237643816,0.543724727825754,0.9913388990491698,-1.3772386982787057,0.25864424704192485,-1.9734371651716671,-0.807775475546847,6.389815200735387,-2.9739703605680305,-2.7905787670336704,-2.469139438792901,2.184980813348796,0.8322078115522087,0.4363307879849717,0.9108422397925726,0.13550840741728604,2
0.5,0.0,0.0,0.10911305959264916,-5.78133335763631,-1.5484603086110502,-0.18807631958956186,-1.9789255097172311,0.5366435291079045,-0.7019513451791086,0.2181568433497534,0.4357463837769001,-0.6979282985788721,-1.6639356026781005,-3.6753066915196495,0.1883267702302856,0.939466353137166,-3.601571747538656,-0.23817533516450454,-2.6248865032973696,-0.6565231003555191,2.7964700593062317,0
0.0,0.3333333333333333,0.0,0.5178709312102131,-0.2229623720325464,3.178787187122769,3.542442610144281,1.1047231147541297,1.4524481596265284,-1.2787547551415095,-1.60210754778513,0.25829691915042163,0.10181113526563836,5.318691257581684,-3.207319376581906,-3.234110613029378,-2.675083123166588,2.918411115105092,0.09583220085204547,-0.84003718334823,-0.3913194007731469,-1.1612219487681232,2
0.5,0.0,0.0,0.11329123698073075,-7.298790790859049,-0.8799119608356089,-0.5537613723802542,-2.8914897942879505,1.0541599657981329,-1.1714477762456734,-1.0445046467303647,1.3435613158773674,-0.4328845777457462,-1.4182026435147843,-4.0173909055352,-0.3495331465146593,0.773725450725619,-2.5313975481015767,0.5382799205019084,-2.62623985771187,-0.3827875903081236,-1.3591346066088523,0
0.5,0.0,0.0,0.06504916007481254,-3.239376875086088,-1.501807928635141,0.23195711878547445,-0.9114980750664248,0.3030775824216841,-1.8965710389604409,0.6384493969386018,0.5939512022505343,0.8324129170721231,-0.9614674484910444,-4.558554655950692,1.2298853130329772,-1.807185444160077,-2.3121452805557845,0.8395948436873666,-1.7360580533724876,-0.5034002177090413,-0.12819865112539894,0
0.0,0.3333333333333333,0.0,0.71029015597385,0.8070035020044326,-0.2235923359789488,-0.7406345928610619,2.1043335181487617,1.8515877843465034,-0.20482937540893173,0.9467844451377616,-3.9427684347931375,1.110089948717181,-2.0995444280424427,1.3097585711103037,5.207411540874657,0.7403733066144011,3.684004517984248,-1.4843091739530083,-0.07275819893291974,2.2187435876242763,-1.8944873155568456,5
0.0,0.5,0.2,0.1411829303865887,4.3222918231882,-4.5174449840952535,2.306271316586405,-0.4645833233288822,-1.7188752445214883,-2.923881769037166,-1.0261168185146363,-0.2950838478661168,1.1904243165860855,-0.9881030719744812,4.389123789840698,-1.9602371732115909,4.476548189680464,1.2453261057521614,3.1440663791887795,0.3972998064135937,1.5986067928494403,2.7422193491352425,1
0.0,0.3333333333333333,0.0,0.5261071741107434,1.3048078495940922,1.7942247766600323,0.0348983717937405,0.3174497973007934,-1.9485675012916477,1.6971602783716897,0.8143541739405594,-0.0037682024492602115,-0.5368652234752963,0.7493621863370332,0.2360568340818344,2.65733933803292,-2.974739522968918,2.29149880603316,2.5129836394274543,1.6473812053529555,-3.0032520457863736,0.05028797850251388,3
0.0,0.6666666666666666,0.4,0.2650011153245596,3.5599064973256462,-2.048033743251199,0.9811916769753533,-1.3971928711511212,2.45827927750821,0.2499897728158707,-1.130802360616873,-0.714375314121612,2.1445001690188623,-4.220100766607995,2.289127834930372,-2.0504682045812874,-0.3648865869482467,-0.4425348366448572,-2.6797388489476357,-0.07962521152873714,-0.9313610964736968,-1.721087377037946,4
1.0,0.0,0.4,0.15642855917225773,-3.8120342100461753,-0.4077589698275685,0.26894908027505965,1.4750734682842146,-2.0678414006310115,3.795481501143535,-0.5057069140404623,-1.6103973203436244,-0.1212440094428218,-0.002846106762543044,-3.0390814263720807,1.4122935697450625,1.5142850539372752,0.27013618977058984,1.4990686884097375,2.385173390706486,-0.4479336840422359,0.29685782184015097,8
0.0,0.3333333333333333,0.0,0.3440347294908973,3.711454348002023,4.567757981761148,-1.5847417431041864,-2.5849824274630357,-1.7871475487942714,0.4168409367566819,2.800761293147313,-0.7588092215067072,0.8911923198382264,5.5173856377720645,3.386387525267064,0.6807477316186579,-1.5984317271749688,-3.082183980887649,0.4064367805382211,0.35619513001306513,2.466893939881855,1.5628716929096873,7
0.0,0.3333333333333333,0.0,0.2525009008390672,0.3474339013151631,-3.3881498794560017,1.6154777498207589,0.7330544364536479,-2.424126721523493,-1.1013075865912392,0.08205119561834819,-1.7441484954020885,-1.0969619687595995,-0.7553237705162621,3.071616276459089,-4.8109722072106464,3.509390569996082,-1.4476363446347018,2.9413021836693707,-0.8588202158588993,0.3856902503335453,-0.3429958803109895,1
0.5,0.16666666666666666,0.2,0.34460097119030875,-0.4312769969059576,-1.4718278141629186,-0.3623205722004403,2.000896869610192,-0.8760638804851825,-1.30731649926145,0.4190379698046433,0.5921795147994316,-0.6134589249117613,2.8525462719369066,-0.2534253742174102,1.196109274963594,3.3387770494965805,-0.05669346219807725,-0.5640500073956124,1.1024604013708252,-1.766869503578994,2.8879769780058613,9
1.0,0.0,0.4,0.16912610031057496,-3.2282583793322925,-1.359954711045205,-0.8848040824869443,0.8661868154066648,-2.067597832457968,3.2014502202800297,0.015181451462571887,-1.2485675417966144,0.6848307692680611,-3.1380690895478414,-1.4686728348722653,1.092517835238266,3.2900656842546967,0.5894956202196178,2.0645289590624696,0.235684564879844,1.6516960594607264,-3.778854732665192,8
0.0,0.5,0.2,0.8859795123457851,-0.7794510465916491,-0.22641174019392665,-0.4194825243721397,3.0882239545641106,1.9773544760294752,-0.1713904893127286,0.027068060955634757,-3.1424192539141633,-0.9374167406051392,-3.2588090458826944,-0.05461215052824553,4.12520960745435,-0.05619709931604139,3.82611604289097,-2.2968761078158777,-1.2774378469587084,1.777554336161724,1.0000902127543778,5
0.0,0.3333333333333333,0.0,0.335952916144752,2.2619969339481183,1.4469059380525218,-0.3972423676344252,-2.7495510756529136,-1.801717316942151,-0.7930581229265157,-0.4802469269001405,-1.3336090130416378,-0.9081943869326682,6.392881934272381,-0.113261123707202,-1.4123150914998293,-2.248914507756191,-3.0365870535752033,-0.8645849582115215,0.2059033042832607,2.0418930702232725,0.04587619853515839,7
1.0,0.0,0.4,0.09329260968788088,-2.444499107833161,-1.1893875018650797,2.1285467442726738,0.2871237344486345,-1.7678787663795328,0.8192840005155719,-0.8190940850616683,-2.607793930670532,-1.3507675390275675,0.5954708271896678,-0.2759339978366173,-2.284667274559734,1.347834597544578,0.4180597339108351,-0.1448654913570918,0.1500131151509172,1.943539971263909,-1.3778393886270028,8
0.0,0.3333333333333333,0.0,0.3303419756687659,2.069039370820948,-2.9720451061066226,-0.004243703186189315,-1.1533849254776176,-0.4659381184614032,-2.471227222542486,0.09526797624713146,0.687906673200106,-2.686555630313783,0.6107335318976296,2.07846271127003,-1.614307670411334,1.4381463926843134,-0.6861983934210254,0.12555053757996815,-1.2039182011810166,-2.811607430991433,0.8813418969813056,1
0.0,0.3333333333333333,0.0,0.3691552703375144,2.698957264892472,-1.8115112275438,1.6404545161179866,-1.4576262172869177,0.5944336462934748,0.6680319848257524,-0.4968429067834979,-0.4736551420496617,0.6758637550256865,-5.799785514688899,3.026054864659222,-3.7660122323264953,-2.4828987177774904,-0.6018823359935039,-1.0200056903573225,-0.5106223292923016,-0.5693132107458204,-1.0693703913390429,4
0.5,0.16666666666666666,0.2,0.4103879613582938,0.7489145904891061,-0.8351952483835674,-0.6914846268372628,2.1129958905898665,0.2693384174312562,1.2734429310154485,-2.2400822148181496,0.5746223612296746,-2.5884061978469735,-6.606948910667839,-1.1222255847617917,0.9364211607711757,-3.408337696682898,-0.19083001696532853,-2.9740456579621304,1.0215683157965378,2.6503027613991064,3.3503162101299684,6
0.5,0.16666666666666666,0.2,0.20453336536316705,1.3831666531914142,-0.83916136843667,-2.487520832102524,2.1279641952565043,0.07343358483981728,-0.8471142061080579,0.024955077084454567,1.013697370473427,-0.6242492957212543,3.4568176918698645,3.33250944766032,0.2962968557350945,4.257196538008984,-0.19177758984594168,-2.236417814640268,-0.6818280326937889,-1.4133364770598684,0.5914554309566379,9
0.5,0.0,0.0,0.14138883645910194,-6.0983376950027255,-1.4348307134008138,-0.13380559011336207,-2.8170785665999545,0.450972136466722,-1.7913008654234603,-0.5851195618844645,0.5752470974052953,-0.15780468857507338,-2.3452133268595468,-3.5765724624502333,1.413290018628144,-0.942463837596778,-2.66089163244393,1.0334119123238696,-3.48338146701307,-1.4771920526530906,-0.006045892502796024,0
0.5,0.0,0.0,0.1676418607045419,-7.068780092755746,-1.4694439497766667,-0.6306004225896474,-4.039023875864702,1.0363363810031168,-0.6857085001964797,0.04472257060281818,0.3391086751604867,1.5183504038584803,-1.5626478139572133,-4.537223181565116,0.15701295436771434,0.8672720830386992,-2.5730563238972457,0.06792636344083403,-2.8208022186750443,-1.898390742555176,-1.7594004151105125,0
0.0,0.3333333333333333,0.0,0.5604420117023284,0.341117876464326,2.2491515588676707,1.31388117539973,1.6375291879943945,-0.4747446811297783,-0.6747532607431933,3.9442387704876554,1.319306783494199,0.6588054009753816,1.713115726182205,0.399425879156448,3.5875915291099485,-4.126428626599616,-0.959659843372836,2.290354480795957,0.8925460495166962,-1.3489504199801508,-0.10405030235844626,3
0.5,0.0,0.0,0.16771049606204647,-6.318698991343478,-2.0537042049676453,-0.06471100279580072,-2.03622096921441,0.12084531382331368,0.22272357042112084,0.3377082858602894,-0.61008243390077,-0.06562747706528578,-2.0935301540880045,-3.4726952227019487,0.8797440655326368,0.32403756607781065,-2.3878945011875223,0.8045693220031677,-2.6137902145988186,-1.1871253145480092,-0.21480044089882674,0
1.0,0.0,0.4,0.17281525077643767,-3.5143934147662437,-0.556658598741626,0.6557945924527168,0.796495276279653,-1.3404795926505648,2.537651214273148,-0.5622240439576951,-2.5944467677307435,0.8968017452828663,-1.1912235663796422,-1.4999828966861344,0.29281456752515034,2.7360202978998163,-0.16255696632143235,2.65399306900846,1.0898696062886055,1.064932060756902,-0.2171667796486041,8
0.0,0.3333333333333333,0.0,0.693423016867139,-1.2277619707990328,2.639795830832973,4.6506066968568565,2.336258791893167,1.2685100301689545,0.7511338363620312,-0.27106123789656145,1.281093773206445,-0.131609495919428,4.449833386299934,-3.6016586506484867,-4.5629448348221135,-0.6995265716562247,3.512721983900015,0.27357645983712114,-0.8865314735567638,-0.7825017364466875,1.035356211907495,2
0.5,0.16666666666666666,0.2,0.1964515520170217,1.3169341281965652,-2.0975699635456726,-2.011118889656277,1.3945906708320683,-0.187252225849886,-0.5260793774976907,-0.24643414970871266,-0.31567712843251194,0.9393158549560972,1.1130899972201922,1.571026292350986,0.4125412209439171,3.5143487246765917,-0.6488133364462463,-3.1142696904296585,-0.0599322231473533,-1.1295890195141824,0.5893380434774573,9
0.0,0.3333333333333333,0.0,0.4564251274043824,2.2902862052020048,5.192212379144158,-2.0135092984215746,-3.74466831204808,-1.3017294831297486,0.30777558213740097,-1.887729134169288,-0.9035522233174316,-0.3330097577274684,6.1842014403763566,1.6703427376332671,-0.6470430955466725,-3.0716265644614906,-2.8459347247563924,-0.9787039508863392,-0.373649791295594,1.870434565145798,0.5339724305631389,7
0.5,0.16666666666666666,0.2,0.24895760050790186,1.058649343338683,0.08535727086752846,-3.6830789386995946,1.0982182762528432,-1.5192977869769129,-0.8231177060536374,-0.3742819927684203,-1.1489520804580349,-1.2656651598237514,2.0538405593254407,0.4623092954000507,-0.15361560729410828,1.8053579619954263,-2.0238537967736683,-2.6120152443135027,0.003158155628687043,0.4966686332217414,1.2320636799133524,9
0.0,0.6666666666666666,0.4,0.3756927881398103,1.3690870026227355,-0.06642335527337903,-0.67859418357307,-0.14617942355863076,-1.36362404742558,0.7946816571079353,4.1509340635474565,1.3135686784303675,2.497837064746067,1.359706341577663,3.3962437290024416,4.446983765618217,-1.3664337058337026,0.07347546337978172,1.8673022875791236,0.6860350473243033,-3.7770060400572767,0.5715246163321208,3
0.5,0.0,0.0,0.1777140994183154,-7.883930882597744,-1.7952020894403926,-0.4585881079618053,-4.036543591029482,2.1416606453995484,-2.6590074193302606,0.9475991784291934,0.8800849835695279,0.6859942562575138,-2.7741227263947623,-3.843014824000176,1.088404886497088,0.5061844555091831,-1.8392665566566369,0.8078909025586769,-4.458396638292147,-0.2187684805116024,1.3258497292244624,0
0.5,0.16666666666666666,0.2,0.17261792412361246,-0.01846180066035373,0.6450023922774428,-3.1405697720073875,2.018090399904596,-0.2091947428397078,-0.7514448532540791,-0.8401711925972838,0.9600227125009012,1.048303198731863,-4.5246771645577075,-2.227918197318524,1.3895795370145512,-0.9006234108009695,-0.1089595401635396,0.8514645100320812,2.6041220033274595,-0.22054677869082015,0.3727405296675579,6
0.0,0.3333333333333333,0.0,0.4137167761972579,-0.16009488872852906,0.0862455577673623,-0.3166006519820495,0.8640199130789538,-0.37301453603420937,0.2858066284487996,3.4147925972693765,-0.18067231117989796,1.0020130447814282,1.2407514247725104,1.4965699882928662,2.6623704732867512,-1.4787376113447783,-0.02192041670256356,3.5873077381145966,1.1231695726694941,-0.4303079487374174,-0.025884783702098124,3
0.0,0.3333333333333333,0.0,0.4864359374731894,3.082383675562504,6.448286579165285,-2.8913832949789846,-3.649538460336769,-1.9432870992916584,-0.18943903815274854,-1.367814673905524,-2.3310850277011275,-0.8508784809447857,6.931911982566457,1.3712689078292548,-2.1302428977175776,-1.1146362475856133,-2.2017608972406153,-0.611969021260176,-1.3655639676904534,4.90442489147086,0.610564476246958,7
0.0,0.3333333333333333,0.0,0.3813552051339248,2.1858665028603697,3.0828994715191316,-1.0397592818906658,-1.1814553818483182,-0.3622614122167413,0.01910087741068512,-1.941114506277669,-0.041601458927632916,-0.2699646670552556,4.587783805272156,1.5559853990268906,0.09929646444319308,-0.7576335563536593,-1.546484481398949,-0.9853627708441576,0.18101001288632199,0.2507694482715712,0.7727133642415862,7
0.0,0.5,0.2,0.18787213232896927,3.2219142706356845,-3.891028803268047,1.341170234974609,0.2445205227191465,-3.5666695077523682,-1.970582207078084,-1.1452558773986723,0.943313821833945,0.015864453718521503,1.023414954704455,4.513440354297124,-1.734238559244672,1.9816662929080802,1.4628789183455404,2.701763570706163,-0.0526066373674122,1.0975793601914852,2.559850503529936,1
0.0,0.3333333333333333,0.0,0.13230323100945462,-1.274148465734357,-3.9725864088080463,1.7714829929261813,-0.5456348080051254,-1.7753229227354952,0.2751822344758772,1.1236024976417542,-2.9343925252300065,-0.6519101577631287,-2.8717989291965034,0.3609438394657757,-3.1874829758853056,4.722667362310206,2.3675743016822475,3.8476438682506187,-2.2099217621195404,3.0239217260237097,-1.043130715175038,1
0.5,0.16666666666666666,0.2,0.19063470546852213,1.4472340378874882,-1.4441199614324935,-1.6810198560495957,0.8378296773803622,0.6755411711343406,1.3267017322885737,-1.3737524218280357,1.1087639029167935,-0.5241068833052505,1.8533335764472425,0.8233980774685794,0.9188078439295564,5.650360574170195,0.7216737163243969,-2.7025899104111626,1.6724797371554958,-0.8065127607153922,0.9507803221876352,9
0.5,0.0,0.0,0.10017330427769876,-4.407263346604785,-0.8111212151324966,0.7501794780307284,1.4776063302468798,-1.5978207488562792,-1.1200090661560145,-0.03703346577889125,-2.944941396193436,0.09634130635287506,-1.6917303185713788,0.03652048349562051,1.0954441050972084,1.727907982444905,0.4264245946270945,0.4134937382098733,0.24149706067765134,0.09426557316807548,-0.07209288768078859,0
0.5,0.16666666666666666,0.2,0.16637210659071033,1.4883029022594818,-0.007552182522589762,-1.9949144618614143,1.8812305269817264,-0.2699109739894838,0.3808605334214811,-0.2961832239672716,0.7831995184410767,1.3181549869635292,3.7612026041873583,1.0803883912322296,0.34230286563711404,3.6931593120281994,-0.08073825390351794,-1.3302106065950006,1.0461648718021253,-0.8911289586156904,1.7789462159217284,9
0.0,0.5,0.2,0.2385936615247347,3.740075647595572,-3.3217993607083387,1.7400053282909838,0.4683148606841283,-3.144064401779853,-1.9257583212649507,-0.6033040249185079,-0.6070502893136674,-0.3874883710746389,1.1764144545386803,4.348828290538978,-2.4447145994528725,3.3993718089825453,1.707410285062843,3.2487828727297114,-1.2372803430905222,1.1052704532795548,2.3959011881186982,1
0.5,0.16666666666666666,0.2,0.13842035724703586,3.0183973862512903,-1.0146030549923477,0.3099191862071339,-0.6236783099350004,-0.5469342244924901,-0.6829125173451266,0.9569616491148808,1.6476752914949988,0.6381883582345403,1.552343775835884,3.5984375365938086,0.560504457439848,2.3319192402338005,-0.13871158779831885,-0.9832016965665672,1.8014480642128348,-0.5712822151174477,0.5767139547874549,9
0.5,0.16666666666666666,0.2,0.2019852777158152,1.5792762383156411,-0.277528201234942,-2.986653875527439,2.087962337157585,-1.4855790740463857,0.4534717617910785,-1.4306416500835557,0.8744268727311488,0.6690214622206456,-6.1434331897310255,-2.8195906640563053,-0.265900732565254,-1.475194372907615,0.4506955695405879,-0.9289939952269208,2.080020361393964,2.01541528246474,2.4321826710718346,6
0.5,0.16666666666666666,0.2,0.18341083409118208,0.8786797693777549,0.2264055041713113,-3.758090654755343,2.1433370882596083,0.5888497173108201,-0.02457093616170411,-0.8085194791180526,1.07663306740555,0.5485486650781491,-6.046873739230088,-0.6986810660081519,0.329378767605516,-1.2470819024452249,1.0685099294332394,1.0037293242641074,1.8250436841726771,1.6490053980546806,1.878104781071337,6
0.0,0.3333333333333333,0.0,0.6704988074606634,-0.20331510885634732,4.0130750721093005,3.2967126408439977,-0.24143228286585616,0.7853839235504301,1.3829979446833878,2.121158406116209,-1.5414302141133125,-0.5546515534628919,4.919674885165275,-3.1468139276894598,-1.5760424136983693,-3.878163303229866,2.5925779885290074,0.4440865813693204,-0.2886641229374608,-1.5155725570911691,-0.1701991171555095,2
0.0,0.3333333333333333,0.0,0.6265721786578357,-0.9340425801453388,1.888850523737716,3.9354181554719054,1.2085068347085195,0.09706648165926858,0.5693957676059599,-0.7959032841015179,0.2048969748310068,-0.7758175657072426,5.502978403535564,-2.9109313683495417,-3.3812641373884977,-2.179172807896605,2.9285497523369446,0.3958284313923487,0.005908655100782867,-0.19355415467563136,1.0364562876404708,2
1.0,0.0,0.4,0.1836853755211999,-2.986047765090567,0.13223667693261856,1.0398552299128,0.8524997460497997,-2.754170581588945,0.8108036000167563,0.4637559664320484,-0.6107810168339043,-0.22792333168328585,-0.8247454057760192,-2.9555356960055112,2.2349358514445563,1.131938634649888,-0.8049800383634522,0.13421742350106536,1.6850694398956956,1.6631842925358233,-2.7363413332448623,8
0.0,0.5,0.2,0.4372072273031452,2.2671643843280687,-1.5615768122691442,-0.16096037950006992,-3.6414397594535486,2.8206542381239283,2.038228984969885,1.0443257858896622,2.121935480982029,-0.29796503513477696,-6.167393655998528,1.5066443252585902,-4.354625594894763,-2.7654321961832893,-0.0570766655774817,-4.459739615479103,-1.9968288484817005,-0.5695653736080519,-2.8656851898805606,4
0.5,0.16666666666666666,0.2,0.11698896686628125,0.9612561089719268,0.18168717450092614,-3.5036597919757475,1.5937057826332015,-0.3792677903756349,-0.05651818174955426,-0.543546008728518,-0.4385329227151704,1.183907362271016,3.5581585528347515,1.3994631347655733,1.544661256505384,4.561875970038591,0.1984469216642928,-3.934745468281641,2.9685558235701794,-0.332941744478665,1.004023410699348,9
0.0,0.3333333333333333,0.0,0.4658796479006161,-1.0719916623954269,1.88983670492866,2.8481346905044123,0.1937830999008409,0.5328562782181326,0.4672075740364288,-1.6679604279111178,0.016652956682760966,-1.58949359095778,1.4963895730578514,-1.6683912207321303,-2.3754586320137228,-2.051599052015538,-0.9203034850949068,-0.6171186585510712,1.2875723918314257,1.7983067231947483,1.6492161257973994,2
0.0,0.3333333333333333,0.0,0.6559481116697267,-0.4195881956071694,0.5087919551991176,1.0782278652625916,0.117939570235601,0.8635600261089516,-0.4311279609486688,2.612149138860281,-0.3790347465860398,-0.5618656343678852,0.3732466385788475,0.3807199276670269,3.720377027392351,-2.376956630969361,3.042516054641557,-1.2600003391075918,0.3961003561787631,-1.0115276571398557,-1.5697292763738118,5
0.0,0.3333333333333333,0.0,0.3455275485166184,2.9813497314842103,4.852494295066835,-1.47069760427434,-3.5278207943574627,-0.9783913643140184,0.9394617620496394,1.1158824982444655,0.14389589598902336,-0.35683918494129696,5.986909761383813,2.1625131135048483,0.3059373737132549,-2.836237435025084,-3.6366256197352786,0.22525820366691385,0.7819932229594899,3.3265074134005204,0.2475704802960056,7
0.0,0.3333333333333333,0.0,0.3392817309837163,2.3396531946400057,5.332320343923623,-2.8848533836695927,-3.6470201013546286,-1.6414878861459363,0.6103954702576668,-0.3669293922285195,-1.4529172203023604,-0.5703312568265646,7.153082925284284,2.9749705375825912,-0.8067749947461319,-3.1572857573898965,-3.094110500065681,-0.3820860811642692,-0.7967969469316338,4.077307134553848,1.3853273460851625,7
0.0,0.5,0.2,0.4537998249798386,2.6014271488977907,-2.958082920164544,-0.29687298462144623,-0.7538794085915488,3.470774281015525,3.3875937920967854,1.3111902144151668,-0.796371268161182,-0.741264437134917,-5.21250556887788,0.9792526033276276,-3.7856259779198447,-3.414134905069837,-0.17647221222031528,-1.3912692291082525,1.1509797544743985,2.4045821140830363,1.3084819364125322,4
0.5,0.16666666666666666,0.2,0.21561797560013046,0.02307777403184669,-0.5873589464931016,-2.8949596456704962,0.9548816326774486,0.9121249027478018,-0.35798712514038195,-0.4355769991329539,1.5905145685029294,-0.7716791212346217,3.32228315885544,-0.2867808600277235,2.230506168635499,2.7511293363422604,-1.2516242265459234,-3.1404240498965548,1.7365534286301103,-3.669365095798634,1.2056582314797997,9
1.0,0.0,0.4,0.16466480207278775,-4.421138222947747,-0.7588828080098649,-1.7929091080646438,-0.4569047908852201,-2.258208288854806,2.805552456356069,-0.6167986332695546,-0.7654082532109834,0.3949725379210854,-1.9397013464421944,-4.300334173179857,1.2216670403885497,4.359926311398325,-0.4503931324056936,-0.4871755599393914,2.7786338989059023,2.611675347661658,-1.1124092328231705,8
1.0,0.0,0.4,0.1473429537226102,-4.612624386119039,-2.201979345516791,-0.6127048982516948,0.7934985012073202,-1.4340018040472358,2.7966212432619315,0.9585277715103272,-2.391359472509416,-0.2371187025873961,-2.2042615929786598,-1.9221994601772463,1.2131470749143358,2.7448101508514453,-0.6237816085007251,1.799435964883126,0.4058890002898722,1.249973960773965,-0.9487444528469992,8
0.0,0.3333333333333333,0.0,0.8064482918375401,-1.0313371448507378,2.1776572536302465,3.028371675826419,2.5578883937641548,-0.2534941405965102,-0.22972622375586846,-1.885881296448135,1.421979433416746,-0.7335063520616175,5.224075612847394,-4.112885648173544,-1.9397748921331863,-0.870437620199985,2.8788860545258617,-2.1514247356407474,-0.8984450321438104,-1.9252180063124555,1.8260120981861172,2
0.5,0.0,0.0,0.15189004615727794,-6.7579048522366545,-1.2454118331873405,-0.9353807343719042,-3.264391908053076,1.2196708375190553,-2.032383737430944,0.1747016360444494,1.1601380407329516,1.3052739541814735,-2.126351772979607,-2.9285327339832907,1.294717285697934,1.1965772196795672,-1.5650300071742609,0.3029218563104792,-3.276137914547524,-0.6021748381716927,0.8981932848434666,0
0.0,0.5,0.2,0.7111652567820314,0.14215595133182932,-0.7269775117642806,-0.7621071010166216,0.3657762924970225,3.322845671055657,-1.2877266233980575,0.14562071968709706,-1.6988471007309247,-0.5556145226350745,-0.6376632873922232,1.9259447259831055,5.439758492698825,-0.3028131204425657,1.6687409138427536,-3.2354471824725586,-3.94471738564281,0.9039648119168522,-0.3442125852154656,5
0.5,0.16666666666666666,0.2,0.20369258223373776,1.860160317874545,0.21794325267609346,-0.8921383736675211,0.9931452558716968,0.1882400700562832,-0.460556251287615,-0.9626042492907294,1.003652306725649,1.887123783879144,-5.234278647599327,-2.05036245348486,0.015230322807305519,-0.5393465648464696,0.00472998277474751,0.8060210057541417,1.5598910430999084,0.8715264973100844,1.5541372731799317,6
1.0,0.0,0.4,0.14543832255186262,-3.7815461991146915,-1.0636140507467395,-0.29404668796159794,1.3192305844894712,-2.4448290821669074,3.3508603868144333,0.731978504528995,-0.6763825913384399,0.9671858714280236,-1.285063749637597,-3.9324350051176262,1.2065879754646325,4.951398901783419,-1.9484096928761927,0.318004995270445,0.1503449483307277,1.6045956702965358,-2.898428100572595,8
0.0,0.3333333333333333,0.0,0.3241905317524322,1.89051465399488,-1.5100574275280128,0.9388841155609574,-1.947588141989884,0.30412625819276523,-1.2296661210955402,0.34198927347261004,0.6292600542735499,0.24992783825504916,1.858598853353344,2.7478146016725007,-2.130867520864712,1.2489219798126976,-0.4642488257740328,-1.6658750139888518,1.4657714423307169,-1.1782929039739782,0.5233740990384932,5
1.0,0.0,0.4,0.13939841109147375,-4.402769786410801,-1.6151510162706677,-1.065570188194385,0.9968449826456368,-1.221156805892463,2.672458891017748,0.4171001702401206,-1.3084139072403556,0.4374258145901321,-2.569795900875892,-2.7771885235663447,2.0660060678462453,2.28033609689745,-1.8483389043353984,1.615199296114347,1.2479328401627696,0.12982153631533833,-0.5750410565195275,8
0.0,0.5,0.2,0.7939566567717361,-2.1439492274738763,-0.2667798794478333,1.1834641746378878,-0.3802222163094027,2.2831129912970907,-2.17003057729804,1.9221167223160924,-1.8445111602559743,0.11440357113949848,-0.9977249688591912,0.036441915360904464,4.76372165042166,-0.8902331384125344,3.439088934489132,0.7473009511589406,-4.037573230455909,-0.2794196207956909,-2.518264745919609,5
0.0,0.5,0.2,0.558400109816572,2.8773798325485145,-3.946980784308769,2.8779311106169563,-2.5437970152999743,4.282937712371389,2.6332570624146685,-0.4998471740096308,0.4088871971976056,-0.5178058668057544,-5.234834032890179,4.501452218988757,-5.222658323261495,-0.7243451170791899,-0.6312806630594763,0.5851347644392245,-1.7277501429912243,-1.353449816651384,-1.3761014046816462,4
0.0,0.3333333333333333,0.0,0.5856311879064501,2.014890111375568,3.511837213590897,-1.5248636801687498,-1.4528640409530875,-1.8968163136652432,-0.7570300574666086,-1.5507515937070155,-1.91059872404169,-0.07513082584850042,5.266587259052161,-0.4104866692802507,1.4106798072387077,0.2592196367155372,-2.1183930610200603,0.07373847243103128,0.12323594179081188,2.9131433123123127,0.2850022043759668,7
0.0,0.3333333333333333,0.0,0.6961855900066919,-0.4716786933875097,-0.4407942331898329,-2.1735917859092524,0.6721935894368536,1.832693153358536,-1.9958517310625927,0.05307105414984043,1.1131891009209112,0.5811742979075888,0.4865828521922305,0.17785787823111576,1.083934945144536,1.7496004025474217,-1.4522019808820967,-3.625706619984455,-1.461262155096459,-2.6728679011807657,2.6027784550876505,9
0.0,0.3333333333333333,0.0,0.43607474390432255,1.559398981054532,1.2116299512548996,3.5138010907102983,0.5050309173943739,-0.7353551780684165,-0.4807322868066382,-1.4700821785484293,0.7950132398050475,-0.18135414981030276,5.810569720129441,-2.6933792667226344,-1.0649281918085478,0.4881800372692646,-0.20598335754713748,-0.2794958938053167,0.4839754366914989,-1.0150840234185905,2.7275992282038324,2
0.0,0.3333333333333333,0.0,0.667307263336708,-1.2873913745925294,3.2822816439239735,4.356621157445173,0.043966513125782584,1.1486503997467976,-0.2818565524530713,-2.198045685452853,-1.0557815402211537,0.19960399442507076,7.128284802853721,-4.44988532680862,-3.4147971920152447,-2.3263950612051216,3.1324775860250385,0.6774728400105628,-0.5679067851076416,0.2795435146617067,0.3700427946090808,2
0.0,0.5,0.2,0.1783575558949192,4.4906067208503115,-4.343254388264944,1.4050239959905262,-0.5904907971507867,-1.1964608863453583,-0.8926716304316968,-0.14341547132851915,0.4173928642581031,-0.8169709070752833,1.513680511759896,4.922403009168997,-4.279604123855243,2.9371113380614657,1.6678313040737578,1.9753453898635167,-0.6354555758830415,-0.15601591840576012,2.5480147571596468,1
0.0,0.3333333333333333,0.0,0.3754697232279208,1.6260401796629549,3.616100768416561,-0.945691540788512,-0.3066983233603305,-0.15500806409983006,-0.4032069507273669,-1.4307369303292947,-0.2928407067300893,0.2662641346613416,5.182358396239484,1.283580040369923,-0.5742917695726494,-0.7333077576028215,-1.06480334578877,-0.3104545708823517,-0.23733863696378246,1.5814660284047954,0.29259847606766354,7
0.0,0.6666666666666666,0.4,0.7467012131299439,0.8408363001086729,2.134547606062787,1.5815263214297477,0.2308803175325135,-0.6585065364716222,-0.11604151113584775,3.156706824304998,0.8857665980575512,0.6779507220294998,1.090204095493268,0.7728032348416147,4.530190780889424,-3.183161946737287,0.3182679876890377,3.9847340206784416,1.9921812404428905,-1.1487497130272435,-0.8524110594844179,3
0.0,0.3333333333333333,0.0,0.06980215858199358,2.8555575094830763,-1.7438647232722808,1.9368595063420264,-2.28510587145678,0.7014375081419559,-1.530416067978514,-0.3656123560384617,0.4141347156384639,0.21361626198873,-0.21206011614449727,4.964877041276387,-2.917203734394056,-1.5283102141581668,1.697455927001469,0.2893592751871837,3.180849642238545,1.0537217745448877,-3.183096754173821,1
1.0,0.0,0.4,0.11230460371660456,-3.4791540245090613,-0.8152260545455622,0.7238371744110478,1.2644518721555236,-1.4058076501393022,0.40211441375543294,1.2825256294741894,-1.6600035509582294,-0.11818903288272473,-0.2272961055843654,-0.01401521818134438,0.9974184237340344,1.6555446981113064,0.5631536648854786,0.3675111792178224,1.1664705675408018,-0.10068947480008142,0.4934562153518167,8
0.0,0.3333333333333333,0.0,0.29202628734192426,1.4924263023205242,-1.295092883082607,2.20019842182767,-3.505201002399589,2.1252468738665047,-1.5586388605715784,0.2992673050212831,3.1040845229075185,-1.4240428910549878,1.7666291941100587,1.7184316391227579,-3.8283576446906884,0.361044855949117,-3.775317308670109,0.4851169696832108,-3.4938884917568496,-1.7361832332800735,1.4123560182903845,1
0.0,0.5,0.2,0.188292523893684,3.1601451492131,-3.0574328975445093,3.6819983665871954,-0.280431195313956,-3.097635137674311,-2.768039673641104,-1.0893869203469406,0.9362723696491552,1.1858041728309237,-1.2710773254026253,2.9525306176060435,-2.8383810126857307,2.561920528798175,1.710853228660932,2.327797454795633,0.9322178010491696,1.7976023855347183,0.6233522445719062,1
0.0,0.5,0.2,0.8219084061154104,0.4331391639724657,-0.9064509973456609,-0.6404928476378813,1.1985337818695665,2.4178145010260486,-0.4934408374707257,-0.5254520326119758,-4.181400251550919,0.3429996992515456,-2.1055433260024268,2.4550405695646065,5.718872159347294,-0.3593644743070891,3.4667144286049534,-1.1773555505517617,-3.984202127686437,4.032249732927118,-0.7785220560102288,5
0.0,0.5,0.2,0.3416153331388664,3.1976815456251755,-2.213373098636083,-0.8375167064619201,-0.6343574516448536,2.8365052153185406,2.896727018571424,3.165322477680669,-0.7664967288127432,-0.1866020490130884,-6.153328134224553,1.5739764029757919,-4.264489771577844,-0.016951956931322343,-0.8704443335443496,-2.3894570344735544,-0.6228942765908494,-1.639350432072002,-0.6986776686479583,4
0.0,0.5,0.2,0.5283206643902606,0.6979899529390289,1.371322311136195,-0.956465541937182,-0.6857539909197616,-2.7616391277487966,1.683577795396097,4.466134834923919,-0.5868855030605726,-2.9232515296959902,1.4055392371723427,2.394555534079748,4.244381185834978,-2.7995876515632063,-0.030532397597419464,0.6495546821385787,1.3456851353734702,-1.7620851867151883,0.03640625647317619,3
0.0,0.5,0.2,0.8623517905248889,-0.8036123627556706,2.1887111906003884,-0.8595580274295306,1.5184888482198349,1.6648123428006254,-2.1902048310013007,2.065482044343736,-4.031337460977805,-0.32269971307294026,-1.2471715578843579,0.6754344243578321,4.29837592769802,-0.7743604178995005,3.3113310774250007,0.4459131869157804,-2.8877253063997896,3.54420522214393,-1.5527745089751628,5
0.5,0.16666666666666666,0.2,0.19106367645292466,1.7803716655472082,-0.6335935558280245,-1.6275361777432922,0.9866564479845062,0.9657514508734258,0.363678450241165,-0.6553694710695629,1.5907585044218495,1.4599350100094053,-6.269540904651048,-1.5162328894780368,0.13282220266142894,-2.4530763492816265,-0.8891649810915201,0.15307042780364788,3.0237759183258466,-0.23075966061005795,2.8786175183047016,6
0.0,0.3333333333333333,0.0,0.5358362360369945,-0.4066440726094365,2.5728968920113218,3.3391248003190976,0.7702274529948264,0.7682531023961435,0.1845139239490228,-0.2424121652052581,-0.4733711770215066,-0.04006910372778765,4.994958746384166,-3.2745236796753723,-2.0710925600869343,-3.877781616595249,1.637900405777228,-0.3044761417653425,-0.5152123448411742,0.1941090877449203,-1.5298104279208593,2
0.0,0.3333333333333333,0.0,0.1926251308361503,2.654402482991424,-5.403065360932816,2.4309643652233914,0.14691155298682407,-3.2401027415342405,-1.836994040479414,-0.4129167649236939,-1.1131222368394982,-0.14024991477026488,-1.333707862279688,3.994533438910613,-4.5481262874787385,4.2013003744753465,1.9969822415128091,1.4571365090266726,0.7580505654939357,0.11072951141800268,2.28448475239778,1
0.0,0.3333333333333333,0.0,0.2718131745568729,3.257035052406412,-1.7399058407379295,0.15978845627787733,-0.4769018322987382,0.33015384189629404,2.6086235173139105,2.7035121576767494,-0.6978730074796734,-1.203602348122314,-4.092443540373663,2.185604150882241,-3.5372767392850752,-0.31441162275665113,1.22263792356949,-1.7122705058076166,-0.5652658313385424,1.547497182954494,0.17075835319279584,4
0.0,0.5,0.2,0.3272877022598192,3.3476627231369185,-2.024993938393416,0.21147737810486145,-2.6462139679016863,2.789338416456068,2.9346784132228505,0.10552502163800084,1.925547762077625,0.4845325335949235,-6.291968261992246,2.4901905320015607,-2.1858492270348284,-2.0010103281049187,-2.4191544555014444,-3.328777660425481,-0.4066171439154605,-1.3529403903533943,-1.224017970359406,4
0.0,0.5,0.2,0.3768252715386332,1.5625018807109428,0.6818538350650329,-1.2354633558636154,0.1992647364879552,-0.8547778706643699,2.2318200713668817,3.2307160255006795,-0.5482701656622258,-1.8263769070103608,2.2705964061586204,1.8535603289161384,3.3395251883775003,-2.537585849292554,-1.1411789984641525,1.5676961631212532,0.8168040585562547,-2.338149376810877,-1.4216481316697975,3
0.0,0.3333333333333333,0.0,0.1973695499236433,2.6204840421709874,-3.4031986928825195,1.19899664783173,-0.012550386064332331,-1.8316906342491777,-1.327275837027922,0.3761105277756764,-1.3443739021778187,0.7010695308215448,0.3827086357450703,3.4558829362272245,-2.2495662963615897,4.8293775849607155,3.4239995389686646,1.318136097084616,-2.1862670168936176,0.9763199273650344,0.026891433555716198,1
1.0,0.0,0.4,0.21532627533073667,-2.8271610400276344,0.2603478808253458,0.060845637708126975,-0.5416908437933506,-0.9468121981890288,2.2737051781605966,-0.4442385593379286,-0.0976489692724493,-0.8384953533582756,-1.778441049916987,-2.05212143659399,1.7819787655072266,1.4986586918159963,0.3680582828111487,-0.7080203993934344,1.699512430204959,2.051696372059879,1.5705218297088224,8
0.5,0.0,0.0,0.08967209457952274,-5.937698298685625,-2.1953286366487528,0.3546975827775757,-1.930672008150744,0.722897138438614,-1.5042378828693284,0.7494407674074769,0.17994644443531302,0.015612294316707603,-2.9184681953396825,-2.8227180496201445,0.5421674065175097,0.03984652873191097,-1.756611238179571,1.3125442065155228,-2.8528764256426107,-1.550527812238936,-0.0789143478254718,0
1.0,0.0,0.4,0.10236963571783997,-4.338411995739978,-0.5374484162445016,0.08638013654321898,1.3515613891250746,-2.513936609972972,2.2811840825984717,-0.8534372727488475,-0.033052825599723085,-0.36674809286136417,0.6545284141317036,-1.5062223612690109,1.2838437576502604,4.712331901147897,-2.704908728215971,-0.5576248692172896,1.7617359399478036,0.6342316133450938,-2.4552793442907968,8
0.0,0.3333333333333333,0.0,0.11855042124950665,2.707672490870908,-2.6219758603943943,0.7968829815797026,-1.5054787674978496,-0.25297631061287523,-0.2490870154332482,1.8342012780033716,-1.0590946982328866,0.2457635646383121,-1.8992283704107664,4.3228331165930864,-2.5006357874107543,0.8075847198839348,1.0014545202073517,-1.1211126967992224,2.0516950990670293,1.8145905899723338,-1.6031998227743545,1
